situation,mean,std,best,worst,avg_time
situation_2.json,52941.29837398901,2429.5409855767834,56054.732099557354,48752.951717706266,0.34916503429412843
